LTR,Date,expNo1,expNo2,Min,Sec,EStmInt,EStmDrtn,Supra,MSEstm,stmDrtn,stmDly,MSEstmInt,AD,RS,WDS,ADDrtn,HPCDrtn,CtxDrtn,recAD,recGS,MI,Thresholded
80,180613,1,3,NaN,NaN,125,2,1,0,1,0,400,NaN,5,0,12,40,28,NaN,NaN,0.183673469387755,0
80,180613,1,3,NaN,NaN,125,2,1,1,1,0,400,NaN,5,2,6,58,44,NaN,NaN,0.183673469387755,0
80,180613,1,3,NaN,NaN,100,2,1,0,1,20,400,NaN,5,0,10,42,32,NaN,NaN,0.311475409836066,0
80,180613,1,3,NaN,NaN,100,2,1,1,1,20,400,NaN,5,3,20,80,36,NaN,NaN,0.311475409836066,0
80,180613,1,3,NaN,NaN,75,2,1,0,1,40,400,NaN,5,0,7,30,24,NaN,NaN,0.4,0
80,180613,1,3,NaN,NaN,75,2,1,1,1,40,400,NaN,5,5,19,70,42,NaN,NaN,0.4,0
80,180613,1,3,NaN,NaN,75,2,1,0,1,60,400,NaN,5,1,17,47,30,NaN,NaN,0.175438596491228,0
80,180613,1,3,NaN,NaN,75,2,1,1,1,60,400,NaN,5,7,24,67,19,NaN,NaN,0.175438596491228,0
80,180614,1,2,NaN,NaN,200,2,1,1,1,20,400,NaN,5,8,17,63,18,NaN,NaN,0.3125,0
80,180614,1,2,NaN,NaN,200,2,1,0,1,20,400,NaN,5,12,16,33,17,NaN,NaN,0.3125,0
80,180614,1,2,NaN,NaN,250,2,1,1,1,40,400,NaN,4,8,15,55,40,NaN,NaN,0.122448979591837,0
80,180614,1,2,NaN,NaN,250,2,1,0,1,40,400,NaN,4,1,4,43,39,NaN,NaN,0.122448979591837,0
80,180614,1,2,NaN,NaN,250,2,1,1,1,60,400,NaN,5,4,2,55,53,NaN,NaN,-0.0517241379310345,0
80,180614,1,2,NaN,NaN,250,2,1,0,1,60,400,NaN,5,8,14,61,23,NaN,NaN,-0.0517241379310345,0
80,180616,1,1,NaN,NaN,200,2,1,1,1,60,400,NaN,5,4,1,25,24,NaN,NaN,-0.193548387096774,0
80,180616,1,1,NaN,NaN,200,2,1,0,1,60,400,NaN,3,5,1,37,28,NaN,NaN,-0.193548387096774,0
80,180616,1,1,NaN,NaN,150,2,1,1,1,60,400,NaN,2,4,44,86,22,NaN,NaN,0.433333333333333,0
80,180616,1,1,NaN,NaN,150,2,1,0,1,60,400,NaN,4,1,0,34,34,NaN,NaN,0.433333333333333,0
80,180616,1,1,NaN,NaN,125,2,1,1,1,40,400,NaN,1,0,1,20,2,NaN,NaN,-0.545454545454545,1
80,180616,1,1,NaN,NaN,125,2,1,0,1,40,400,NaN,2,4,1,68,8,NaN,NaN,-0.545454545454545,1
80,180616,1,1,NaN,NaN,150,2,1,1,1,20,400,NaN,1,0,1,20,4,NaN,NaN,-0.534883720930233,1
80,180616,1,1,NaN,NaN,150,2,1,0,1,20,400,NaN,2,4,1,66,4,NaN,NaN,-0.534883720930233,1
80,180616,1,1,NaN,NaN,175,2,1,1,1,0,400,NaN,0,0,1,22,5,NaN,NaN,-0.428571428571429,0
80,180616,1,1,NaN,NaN,175,2,1,0,1,0,400,NaN,4,4,30,55,25,NaN,NaN,-0.428571428571429,0
80,180616,1,1,NaN,NaN,225,2,1,1,1,0,400,NaN,3,6,25,52,20,NaN,NaN,0.0505050505050505,0
80,180616,1,1,NaN,NaN,225,2,1,0,1,0,400,NaN,4,6,23,47,24,NaN,NaN,0.0505050505050505,0
80,180619,1,1,NaN,NaN,200,2,1,0,1,0,400,NaN,4,3,9,61,31,NaN,NaN,-0.0892857142857143,0
80,180619,1,1,NaN,NaN,200,2,1,1,1,0,400,NaN,5,2,21,51,27,NaN,NaN,-0.0892857142857143,0
80,180619,1,1,NaN,NaN,200,2,1,0,1,20,400,NaN,5,4,14,47,33,NaN,NaN,0.0105263157894737,0
80,180619,1,1,NaN,NaN,200,2,1,1,1,20,400,NaN,5,2,17,48,31,NaN,NaN,0.0105263157894737,0
80,180619,1,1,NaN,NaN,175,2,1,0,1,40,400,NaN,5,1,19,46,27,NaN,NaN,0.106796116504854,0
80,180619,1,1,NaN,NaN,175,2,1,1,1,40,400,NaN,5,1,7,57,50,NaN,NaN,0.106796116504854,0
80,180619,1,1,NaN,NaN,175,2,1,0,1,60,400,NaN,5,0,20,53,33,NaN,NaN,-0.558823529411765,1
80,180619,1,1,NaN,NaN,175,2,1,1,1,60,400,NaN,0,0,0,15,0,NaN,NaN,-0.558823529411765,1
80,180619,1,1,NaN,NaN,175,2,1,1,1,60,400,NaN,0,0,0,15,0,NaN,NaN,-0.605263157894737,1
80,180619,1,1,NaN,NaN,175,2,1,0,1,60,400,NaN,5,2,21,61,26,NaN,NaN,-0.605263157894737,1
80,180619,1,1,NaN,NaN,175,2,1,1,1,40,400,NaN,0,0,0,12,0,NaN,NaN,-0.647058823529412,1
80,180619,1,1,NaN,NaN,175,2,1,0,1,40,400,NaN,5,0,20,56,36,NaN,NaN,-0.647058823529412,1
80,180619,1,1,NaN,NaN,175,2,1,1,1,40,400,NaN,0,0,0,23,0,NaN,NaN,-0.44578313253012,0
80,180619,1,1,NaN,NaN,175,2,1,0,1,40,400,NaN,5,0,21,60,39,NaN,NaN,-0.44578313253012,0
80,180619,1,1,NaN,NaN,175,2,1,1,1,20,400,NaN,0,0,0,23,0,NaN,NaN,-0.41025641025641,0
80,180619,1,1,NaN,NaN,175,2,1,0,1,20,400,NaN,5,0,19,55,36,NaN,NaN,-0.41025641025641,0
80,180619,1,1,NaN,NaN,175,2,1,1,1,0,400,NaN,0,0,0,19,0,NaN,NaN,-0.506493506493506,1
80,180619,1,1,NaN,NaN,175,2,1,0,1,0,400,NaN,5,1,28,58,30,NaN,NaN,-0.506493506493506,1
80,180620,1,1,NaN,NaN,175,2,1,0,1,0,400,NaN,5,1,13,57,44,NaN,NaN,-0.461538461538462,1
80,180620,1,1,NaN,NaN,175,2,1,1,1,0,400,NaN,0,0,0,21,0,NaN,NaN,-0.461538461538462,1
80,180620,1,1,NaN,NaN,175,2,1,0,1,20,400,NaN,5,0,13,55,29,NaN,NaN,-0.157894736842105,0
80,180620,1,1,NaN,NaN,175,2,1,1,1,20,400,NaN,5,0,17,40,19,NaN,NaN,-0.157894736842105,0
80,180620,1,1,NaN,NaN,175,2,1,0,1,40,400,NaN,5,0,14,50,32,NaN,NaN,0.12280701754386,0
80,180620,1,1,NaN,NaN,175,2,1,1,1,40,400,NaN,5,2,25,64,30,NaN,NaN,0.12280701754386,0
80,180620,1,1,NaN,NaN,150,2,1,0,1,60,400,NaN,5,1,16,90,34,NaN,NaN,-0.343283582089552,0
80,180620,1,1,NaN,NaN,150,2,1,1,1,60,400,NaN,5,0,17,44,27,NaN,NaN,-0.343283582089552,0
80,180620,1,1,NaN,NaN,140,2,1,1,1,60,400,NaN,0,0,0,26,0,NaN,NaN,-0.415730337078652,0
80,180620,1,1,NaN,NaN,140,2,1,0,1,60,400,NaN,5,3,21,63,40,NaN,NaN,-0.415730337078652,0
80,180620,1,1,NaN,NaN,175,2,1,1,1,40,400,NaN,0,0,0,10,0,NaN,NaN,-0.710144927536232,1
80,180620,1,1,NaN,NaN,175,2,1,0,1,40,400,NaN,5,0,21,59,29,NaN,NaN,-0.710144927536232,1
80,180620,1,1,NaN,NaN,175,2,1,1,1,20,400,NaN,0,0,0,19,0,NaN,NaN,-0.506493506493506,1
80,180620,1,1,NaN,NaN,175,2,1,0,1,20,400,NaN,5,0,22,58,20,NaN,NaN,-0.506493506493506,1
80,180620,1,1,NaN,NaN,175,2,1,1,1,0,400,NaN,0,0,0,18,0,NaN,NaN,-0.712,1
80,180620,1,1,NaN,NaN,175,2,1,0,1,0,400,NaN,5,0,21,107,26,NaN,NaN,-0.712,1
80,180623,1,1,NaN,NaN,100,2,1,1,1,20,400,NaN,0,0,0,18,0,NaN,NaN,-0.532467532467532,1
80,180623,1,1,NaN,NaN,100,2,1,0,1,20,400,NaN,3,1,0,59,0,NaN,NaN,-0.532467532467532,1
80,180623,1,1,NaN,NaN,100,2,1,1,1,40,400,NaN,0,0,0,20,0,NaN,NaN,-0.56043956043956,1
80,180623,1,1,NaN,NaN,100,2,1,0,1,40,400,NaN,3,14,0,71,0,NaN,NaN,-0.56043956043956,1
80,180623,1,1,NaN,NaN,100,2,1,1,1,60,400,NaN,0,0,0,15,0,NaN,NaN,-0.620253164556962,1
80,180623,1,1,NaN,NaN,100,2,1,0,1,60,400,NaN,3,7,0,64,0,NaN,NaN,-0.620253164556962,1
99,181108,1,1,1,0,150,2,1,0,1,60,400,1,5,0,0.124,40.598,38.618,NaN,NaN,0.238297153792754,0
99,181108,1,1,35,30,150,2,1,1,1,60,400,1,5,0,3,66,36,NaN,NaN,0.238297153792754,0
99,181108,1,1,68,0,100,2,1,0,1,40,400,1,4,0,7,14,8,NaN,NaN,0.717171717171717,0
99,181108,1,1,101,24,100,2,1,1,1,40,400,1,5,0,6,85,53,NaN,NaN,0.717171717171717,0
99,181108,1,2,33,6,100,2,1,0,1,0,400,1,5,1,4.596,72.074,59.64,NaN,NaN,-0.920078855529211,1
99,181108,1,2,67,2,100,2,1,1,1,0,400,1,0,0,0,3,0,NaN,NaN,-0.920078855529211,1
100,181108,1,1,1,0,150,2,1,1,1,60,400,1,1,0,0,11,0,NaN,NaN,-0.565612289223236,1
100,181108,1,1,35,30,150,2,1,0,1,60,400,1,5,0,0,39.646,40.298,NaN,NaN,-0.565612289223236,1
100,181108,1,1,68,0,150,2,1,1,1,40,400,1,0,0,0,0,0,NaN,NaN,-1,1
100,181108,1,1,101,24,150,2,1,0,1,40,400,1,4,0,8.746,10.864,1.262,NaN,NaN,-1,1
100,181108,1,1,133,54,150,2,1,1,1,20,400,1,5,0,10,55,44,NaN,NaN,-0.149133663366337,0
100,181108,1,2,1,0,150,2,1,0,1,20,400,1,5,0,7.136,74.28,55.1,NaN,NaN,-0.149133663366337,0
99,181109,1,1,1,0,100,2,1,0,1,0,400,1,5,0,0,42.304,50.146,NaN,NaN,-1,1
99,181109,1,1,32,40,100,2,1,1,1,0,400,0,0,0,0,0,0,NaN,NaN,-1,1
100,181109,1,1,144,25,350,2,1,1,1,60,400,1,0,0,0,0,0,NaN,NaN,-1,1
100,181109,1,1,176,26,350,2,1,0,1,60,400,1,5,0,5.298,65.996,43.428,NaN,NaN,-1,1
99,181110,1,1,0,30,150,2,1,0,1,20,400,1,5,0,1.462,49.018,50.274,NaN,NaN,0.240137035142383,0
99,181110,1,1,30,25,150,2,1,1,1,20,400,1,5,0,0,80,33,NaN,NaN,0.240137035142383,0
100,181110,1,1,0,30,300,2,1,1,1,20,400,1,0,0,0,0,3,NaN,NaN,-1,1
100,181110,1,1,30,25,300,2,1,0,1,20,400,1,5,0,3.31,43.888,33.926,NaN,NaN,-1,1
100,181110,1,2,0,30,325,2,1,1,1,60,400,1,0,0,0,9,0,NaN,NaN,-0.297314178638351,0
100,181110,1,2,32,0,325,2,1,0,1,60,400,1,5,0,3.748,16.616,13.432,NaN,NaN,-0.297314178638351,0
100,181110,1,3,1,30,500,2,1,1,1,40,400,1,5,1,15,60,25,NaN,NaN,-0.258765102661033,0
100,181110,1,3,29,28,500,2,1,0,1,40,400,1,5,0,2.55,101.892,45.808,NaN,NaN,-0.258765102661033,0
99,181111,1,1,1,14,150,2,1,0,1,0,400,1,5,0,4.78,37.53,37.634,NaN,NaN,-0.724328049620951,1
99,181111,1,1,34,14,150,2,1,1,1,0,400,1,1,0,0,6,0,NaN,NaN,-0.724328049620951,1
99,181111,1,1,81,50,150,2,1,0,1,40,400,1,5,0,4.01,70.492,32.198,NaN,NaN,-0.709062696988799,1
99,181111,1,1,116,0,150,2,1,1,1,40,400,1,0,0,0,12,0,NaN,NaN,-0.709062696988799,1
99,181111,1,1,150,17,150,2,1,0,1,60,400,1,5,0,5.176,49.224,32.082,NaN,NaN,-0.53288490284006,1
99,181111,1,1,183,14,150,2,1,1,1,60,400,1,1,0,3.012,15,1.986,NaN,NaN,-0.53288490284006,1
99,181111,1,1,218,0,150,2,1,0,1,20,400,1,5,0,6.8,69.534,32.016,NaN,NaN,-0.770799908319963,1
99,181111,1,1,250,58,150,2,1,1,1,20,400,1,1,0,0,9,0,NaN,NaN,-0.770799908319963,1
99,181111,1,1,438,33,750,2,1,0,1,0,400,1,5,0,13.852,46.206,29.018,NaN,NaN,-0.770141363061717,1
99,181111,1,1,468,54,750,2,1,1,1,0,400,1,0,0,0,6,0,NaN,NaN,-0.770141363061717,1
100,181111,1,1,1,14,300,2,1,1,1,0,400,1,0,0,0,6,0,NaN,NaN,0,0
100,181111,1,1,34,14,300,2,1,0,1,0,400,1,1,2,0,6,0,NaN,NaN,0,0
100,181111,1,1,150,17,500,2,1,1,1,60,400,1,5,0,24,43,19,NaN,NaN,-0.275276827397907,0
100,181111,1,1,183,14,500,2,1,0,1,60,400,1,4,1,15.87,75.666,13.364,NaN,NaN,-0.275276827397907,0
100,181111,1,1,218,0,500,2,1,1,1,20,400,1,0,0,0,3,0,NaN,NaN,-0.939846005774784,1
100,181111,1,1,250,58,500,2,1,0,1,20,400,1,5,4,2.252,96.744,35.782,NaN,NaN,-0.939846005774784,1
100,181111,1,1,283,6,500,2,1,1,1,20,400,1,4,0,29,56,12,NaN,NaN,-0.19147584534088,0
100,181111,1,1,313,44,500,2,1,0,1,20,400,1,4,2,1.934,82.524,48.378,NaN,NaN,-0.19147584534088,0
100,181111,1,1,347,0,500,2,1,1,1,60,400,1,0,2,0,1,0,NaN,NaN,-0.978975695904466,1
100,181111,1,1,380,1,500,2,1,0,1,60,400,1,5,0,10.47,94.128,38.248,NaN,NaN,-0.978975695904466,1
100,181111,1,1,438,33,600,2,1,1,1,0,400,1,0,2,0,3,0,NaN,NaN,-0.0931076178960097,0
100,181111,1,1,468,54,600,2,1,0,1,0,400,1,1,3,0,3.616,0,NaN,NaN,-0.0931076178960097,0
100,181111,1,1,500,28,750,2,1,1,1,40,400,1,5,0,32,53,13,NaN,NaN,0.417529219824012,0
100,181111,1,1,532,0,750,2,1,0,1,40,400,1,1,0,2.514,21.778,0,NaN,NaN,0.417529219824012,0
74,180710,1,1,NaN,NaN,350,2,1,0,30,0,50,NaN,5,0,7,52,34,NaN,NaN,-0.529411764705882,1
74,180710,1,1,NaN,NaN,350,2,1,1,30,0,50,NaN,4,0,5,16,11,NaN,NaN,-0.529411764705882,1
74,180710,1,1,NaN,NaN,350,2,1,0,30,20,50,NaN,5,0,5,82,39,NaN,NaN,-0.0123456790123457,0
74,180710,1,1,NaN,NaN,350,2,1,1,30,20,50,NaN,4,0,6,80,39,NaN,NaN,-0.0123456790123457,0
74,180710,1,1,NaN,NaN,325,2,1,0,30,40,50,NaN,4,0,10,18,8,NaN,NaN,0.608695652173913,0
74,180710,1,1,NaN,NaN,325,2,1,1,30,40,50,NaN,4,0,9,74,40,NaN,NaN,0.608695652173913,0
74,180710,1,1,NaN,NaN,300,2,1,0,30,40,50,NaN,4,0,10,14,4,NaN,NaN,0.0967741935483871,0
74,180710,1,1,NaN,NaN,300,2,1,1,30,40,50,NaN,2,0,14,17,3,NaN,NaN,0.0967741935483871,0
74,180711,1,1,NaN,NaN,325,2,1,1,30,60,50,NaN,5,0,6,37,30,NaN,NaN,0.450980392156863,0
74,180711,1,1,NaN,NaN,325,2,1,0,30,60,50,NaN,5,0,6,14,5,NaN,NaN,0.450980392156863,0
74,180711,1,1,NaN,NaN,325,2,1,1,30,60,50,NaN,5,0,5,43,37,NaN,NaN,-0.0444444444444444,0
74,180711,1,1,NaN,NaN,325,2,1,0,30,60,50,NaN,5,0,6,47,29,NaN,NaN,-0.0444444444444444,0
74,180711,1,1,NaN,NaN,313,2,1,1,30,20,50,NaN,5,0,10,81,37,NaN,NaN,0.140845070422535,0
74,180711,1,1,NaN,NaN,313,2,1,0,30,20,50,NaN,5,0,9,61,36,NaN,NaN,0.140845070422535,0
74,180711,1,1,NaN,NaN,305,2,1,1,30,0,50,NaN,5,0,8,89,38,NaN,NaN,0.0532544378698225,0
74,180711,1,1,NaN,NaN,305,2,1,0,30,0,50,NaN,4,0,11,80,34,NaN,NaN,0.0532544378698225,0
74,180711,1,1,NaN,NaN,300,2,1,1,30,0,50,NaN,4,0,11,80,38,NaN,NaN,0.63265306122449,0
74,180711,1,1,NaN,NaN,300,2,1,0,30,0,50,NaN,4,0,13,18,5,NaN,NaN,0.63265306122449,0
74,180711,1,1,NaN,NaN,310,2,1,1,30,0,50,NaN,5,0,23,21,18,NaN,NaN,-0.607476635514019,1
74,180711,1,1,NaN,NaN,310,2,1,0,30,0,50,NaN,4,0,16,86,36,NaN,NaN,-0.607476635514019,1
74,180711,1,1,NaN,NaN,310,2,1,1,30,20,50,NaN,1,0,0,13,0,NaN,NaN,-0.679012345679012,1
74,180711,1,1,NaN,NaN,310,2,1,0,30,20,50,NaN,5,0,12,68,34,NaN,NaN,-0.679012345679012,1
74,180712,1,1,NaN,NaN,310,2,1,0,30,40,50,NaN,5,0,14,45,24,NaN,NaN,-0.956521739130435,1
74,180712,1,1,NaN,NaN,310,2,1,1,30,40,50,NaN,1,0,0,1,0,NaN,NaN,-0.956521739130435,1
74,180712,1,1,NaN,NaN,315,2,1,0,30,60,50,NaN,5,0,15,23,8,NaN,NaN,0.245901639344262,0
74,180712,1,1,NaN,NaN,315,2,1,1,30,60,50,NaN,5,0,14,38,24,NaN,NaN,0.245901639344262,0
74,180712,1,1,NaN,NaN,315,2,1,0,30,0,50,NaN,5,0,13,42,20,NaN,NaN,-0.272727272727273,0
74,180712,1,1,NaN,NaN,315,2,1,1,30,0,50,NaN,5,0,13,24,11,NaN,NaN,-0.272727272727273,0
74,180712,1,1,NaN,NaN,315,2,1,0,30,20,50,NaN,5,0,11,44,24,NaN,NaN,0.169811320754717,0
74,180712,1,1,NaN,NaN,315,2,1,1,30,20,50,NaN,4,0,9,62,34,NaN,NaN,0.169811320754717,0
74,180712,1,1,NaN,NaN,315,2,1,0,30,40,50,NaN,5,0,16,82,26,NaN,NaN,-0.576923076923077,1
74,180712,1,1,NaN,NaN,315,2,1,1,30,40,50,NaN,2,0,20,22,2,NaN,NaN,-0.576923076923077,1
74,180712,1,1,NaN,NaN,315,2,1,0,30,60,50,NaN,5,0,15,50,29,NaN,NaN,-0.538461538461538,1
74,180712,1,1,NaN,NaN,315,2,1,1,30,60,50,NaN,1,0,0,15,0,NaN,NaN,-0.538461538461538,1
74,180712,1,1,NaN,NaN,315,2,1,0,30,60,50,NaN,4,0,20,75,31,NaN,NaN,-0.724137931034483,1
74,180712,1,1,NaN,NaN,315,2,1,1,30,60,50,NaN,1,0,0,12,0,NaN,NaN,-0.724137931034483,1
74,180712,1,1,NaN,NaN,315,2,1,0,30,40,50,NaN,2,0,0,13,0,NaN,NaN,0.133333333333333,0
74,180712,1,1,NaN,NaN,315,2,1,1,30,40,50,NaN,2,0,0,17,0,NaN,NaN,0.133333333333333,0
74,180712,1,1,NaN,NaN,325,2,1,0,30,20,50,NaN,2,0,0,16,0,NaN,NaN,-0.032258064516129,0
74,180712,1,1,NaN,NaN,325,2,1,1,30,20,50,NaN,1,0,0,15,0,NaN,NaN,-0.032258064516129,0
74,180712,1,1,NaN,NaN,350,2,1,0,30,0,50,NaN,1,0,0,18,0,NaN,NaN,0,0
74,180712,1,1,NaN,NaN,350,2,1,1,30,0,50,NaN,1,0,0,18,0,NaN,NaN,0,0
74,180713,1,1,NaN,NaN,350,2,1,0,30,0,50,NaN,2,0,0,16,0,NaN,NaN,0.111111111111111,0
74,180713,1,1,NaN,NaN,350,2,1,1,30,0,50,NaN,1,0,0,20,0,NaN,NaN,0.111111111111111,0
74,180713,1,1,NaN,NaN,375,2,1,0,30,20,50,NaN,2,0,0,24,0,NaN,NaN,0.0204081632653061,0
74,180713,1,1,NaN,NaN,375,2,1,1,30,20,50,NaN,1,0,0,25,0,NaN,NaN,0.0204081632653061,0
74,180713,1,1,NaN,NaN,400,2,1,0,30,40,50,NaN,1,0,0,20,0,NaN,NaN,0.130434782608696,0
74,180713,1,1,NaN,NaN,400,2,1,1,30,40,50,NaN,1,0,0,26,0,NaN,NaN,0.130434782608696,0
74,180713,1,1,NaN,NaN,400,2,1,0,30,60,50,NaN,1,0,0,22,0,NaN,NaN,-0.0232558139534884,0
74,180713,1,1,NaN,NaN,400,2,1,1,30,60,50,NaN,1,0,0,21,0,NaN,NaN,-0.0232558139534884,0
74,180716,2,1,NaN,NaN,400,2,1,0,30,60,50,NaN,2,0,0,46,0,NaN,NaN,-0.614035087719298,1
74,180716,2,1,NaN,NaN,400,2,1,1,30,60,50,NaN,1,0,0,11,0,NaN,NaN,-0.614035087719298,1
74,180716,2,1,NaN,NaN,450,2,1,0,30,40,50,NaN,2,0,0,18,0,NaN,NaN,0.26530612244898,0
74,180716,2,1,NaN,NaN,450,2,1,1,30,40,50,NaN,1,0,0,31,0,NaN,NaN,0.26530612244898,0
74,180716,2,1,NaN,NaN,500,2,1,0,30,20,50,NaN,2,0,0,73,0,NaN,NaN,-0.759036144578313,1
74,180716,2,1,NaN,NaN,500,2,1,1,30,20,50,NaN,1,0,0,10,0,NaN,NaN,-0.759036144578313,1
74,180716,2,1,NaN,NaN,500,2,1,0,30,0,50,NaN,1,0,0,23,0,NaN,NaN,0.41025641025641,0
74,180716,2,1,NaN,NaN,500,2,1,1,30,0,50,NaN,1,0,0,55,0,NaN,NaN,0.41025641025641,0
74,180717,3,1,NaN,NaN,500,2,1,1,30,0,50,NaN,2,0,0,20,0,NaN,NaN,-0.148936170212766,0
74,180717,3,1,NaN,NaN,500,2,1,0,30,0,50,NaN,2,0,0,27,0,NaN,NaN,-0.148936170212766,0
74,180717,3,1,NaN,NaN,500,2,1,1,30,20,50,NaN,3,0,5,48,6,NaN,NaN,0.215189873417722,0
74,180717,3,1,NaN,NaN,500,2,1,0,30,20,50,NaN,4,1,3,31,12,NaN,NaN,0.215189873417722,0
74,180717,3,1,NaN,NaN,500,2,1,1,30,40,50,NaN,4,0,6,43,15,NaN,NaN,0.228571428571429,0
74,180717,3,1,NaN,NaN,500,2,1,0,30,40,50,NaN,3,0,2,27,17,NaN,NaN,0.228571428571429,0
74,180717,3,1,NaN,NaN,500,2,1,1,30,60,50,NaN,4,0,2,30,21,NaN,NaN,-0.318181818181818,0
74,180717,3,1,NaN,NaN,500,2,1,0,30,60,50,NaN,4,0,3,58,55,NaN,NaN,-0.318181818181818,0
88,190416,1,1,0,30,200,2,1,0,30,0,40,1,5,0,2.446,32.976,34.196,NaN,NaN,0.240639248376549,0
88,190416,1,1,55,30,200,2,1,1,30,0,40,1,5,0,2.814,53.876,48.84,NaN,NaN,0.240639248376549,0
88,190416,1,2,0,30,250,2,1,0,30,20,40,1,5,0,2.596,41.468,37.558,NaN,NaN,-0.824052080584147,1
88,190416,1,2,40,0,250,2,1,1,30,20,40,1,0,0,0,4,0,NaN,NaN,-0.824052080584147,1
88,190416,1,3,0,4,300,2,1,0,30,40,40,1,5,0,5.508,53.352,36.952,NaN,NaN,0.0216566115929804,0
88,190416,1,3,33,0,300,2,1,1,30,40,40,1,5,0,5.972,55.714,41.142,NaN,NaN,0.0216566115929804,0
88,190416,1,4,0,30,325,2,1,0,30,60,40,1,5,0,6.678,54.564,41.124,NaN,NaN,-0.929283643306697,1
88,190416,1,4,36,30,325,2,1,1,30,60,40,1,1,0,0,2,0,NaN,NaN,-0.929283643306697,1
88,190417,1,1,0,30,250,2,1,0,30,60,40,1,5,0,3.136,53.36,40.732,NaN,NaN,-0.963208241353937,1
88,190417,1,1,33,0,250,2,1,1,30,60,40,1,0,0,0,1,0,NaN,NaN,-0.963208241353937,1
88,190417,1,2,0,40,275,2,1,0,30,40,40,1,5,0,5.058,78.35,47.658,NaN,NaN,-0.974795211090107,1
88,190417,1,2,33,0,275,2,1,1,30,40,40,1,0,0,0,1,0,NaN,NaN,-0.974795211090107,1
88,190417,1,3,0,30,300,2,1,0,30,20,40,1,5,0,6.044,32.68,27.688,NaN,NaN,0.201836654943337,0
88,190417,1,3,33,0,300,2,1,1,30,20,40,1,5,0,7.1,49.208,37.756,NaN,NaN,0.201836654943337,0
88,190417,1,4,0,30,300,2,1,0,30,0,40,1,5,0,2.026,99.588,51.662,NaN,NaN,-0.980116912554181,1
88,190417,1,4,32,30,300,2,1,1,30,0,40,1,0,0,0,1,0,NaN,NaN,-0.980116912554181,1
88,190418,1,1,0,30,250,2,1,0,30,0,40,1,5,0,7.122,46.246,33.566,NaN,NaN,-0.883594004561747,1
88,190418,1,1,33,0,250,2,1,1,30,0,40,1,0,0,0,2.858,0,NaN,NaN,-0.883594004561747,1
88,190418,1,2,0,40,250,2,1,0,30,60,40,1,5,0,8.736,66.52,48.668,NaN,NaN,-0.683283566982135,1
88,190418,1,2,38,0,250,2,1,1,30,60,40,1,4,0,11.108,12.516,2.588,NaN,NaN,-0.683283566982135,1
88,190418,1,3,0,30,250,2,1,0,30,20,40,1,5,0,8.542,55.096,37.84,NaN,NaN,-1,1
88,190418,1,3,33,30,250,2,1,1,30,20,40,1,0,0,0,0,0,NaN,NaN,-1,1
88,190418,1,4,3,40,275,2,1,0,30,40,40,1,4,0,0,13,13,NaN,NaN,-1,1
88,190418,1,4,68,20,275,2,1,1,30,40,40,1,0,0,0,0,0,NaN,NaN,-1,1
104,190503,1,1,2,0,80,2,1,0,30,0,40,1,2,1,2.2616,30,0,NaN,NaN,0.178082191780822,0
104,190503,1,1,35,0,80,2,1,1,30,0,40,1,4,3,0,43,24,NaN,NaN,0.178082191780822,0
104,190503,1,1,70,0,70,2,1,0,30,20,40,1,4,0,0,47,34,NaN,NaN,-0.189873417721519,0
104,190503,1,1,166,30,70,2,1,1,30,20,40,1,4,1,3.5608,32,10,NaN,NaN,-0.189873417721519,0
104,190503,1,1,206,0,60,2,1,0,30,40,40,1,5,0,0,49,38,NaN,NaN,-0.0888888888888889,0
104,190503,1,1,240,0,60,2,1,1,30,40,40,1,4,0,3.9704,41,28.7904,NaN,NaN,-0.0888888888888889,0
104,190503,1,1,281,0,50,2,1,0,30,60,40,1,4,1,5.4336,50,32.7536,NaN,NaN,0.0566037735849057,0
104,190503,1,1,319,30,50,2,1,1,30,60,40,1,4,1,6.0088,56,21,NaN,NaN,0.0566037735849057,0
104,190503,1,1,369,0,40,2,1,0,30,60,40,1,4,1,5.856,51,20,NaN,NaN,0.0727272727272727,0
104,190503,1,1,401,0,40,2,1,1,30,60,40,1,5,0,7.0088,59,26,NaN,NaN,0.0727272727272727,0
104,190503,1,1,435,0,35,2,1,0,30,40,40,1,5,0,6.2432,54,32,NaN,NaN,0.0847457627118644,0
104,190503,1,1,470,0,35,2,1,1,30,40,40,1,5,0,6.6248,64,28,NaN,NaN,0.0847457627118644,0
105,190503,1,1,2,0,80,2,1,1,30,0,40,1,2,0,0.3288,38,0,NaN,NaN,0,0
105,190503,1,1,35,0,80,2,1,0,30,0,40,1,5,0,0,38,38,NaN,NaN,0,0
105,190503,1,1,70,0,70,2,1,1,30,20,40,1,4,0,15.616,37,8,NaN,NaN,-0.13953488372093,0
105,190503,1,1,166,30,70,2,1,0,30,20,40,1,4,0,6.5584,49,20,NaN,NaN,-0.13953488372093,0
105,190503,1,1,206,0,60,2,1,1,30,40,40,1,5,0,0,53,10,NaN,NaN,-0.0619469026548673,0
105,190503,1,1,240,0,60,2,1,0,30,40,40,1,5,0,0,60,14,NaN,NaN,-0.0619469026548673,0
105,190503,1,1,281,0,50,2,1,1,30,60,40,1,5,0,6.7816,53,18,NaN,NaN,-0.0535714285714286,0
105,190503,1,1,319,30,50,2,1,0,30,60,40,1,4,0,0,59,22,NaN,NaN,-0.0535714285714286,0
105,190503,1,1,369,0,45,2,1,1,30,60,40,1,0,0,0,29,0,NaN,NaN,-0.147058823529412,0
105,190503,1,1,401,0,45,2,1,0,30,60,40,1,5,0,7.888,39,18,NaN,NaN,-0.147058823529412,0
105,190503,1,1,435,0,45,2,1,1,30,40,40,1,5,0,0.5352,40,10,NaN,NaN,-0.0909090909090909,0
105,190503,1,1,470,0,45,2,1,0,30,40,40,1,5,0,10.8016,48,19,NaN,NaN,-0.0909090909090909,0
104,190506,1,1,1,10,40,2,1,0,30,20,40,1,5,0,10.086,25.926,21.42,NaN,NaN,0.459582273731605,0
104,190506,1,1,33,30,40,2,1,1,30,20,40,1,4,0,11.644,70.022,25.966,NaN,NaN,0.459582273731605,0
104,190506,1,1,66,30,40,2,1,0,30,0,40,1,5,0,10.372,77.002,61.386,NaN,NaN,-0.0686113963751422,0
104,190506,1,1,100,20,40,2,1,1,30,0,40,1,4,0,9.908,67.114,39.262,NaN,NaN,-0.0686113963751422,0
104,190506,1,1,133,0,35,2,1,0,30,0,40,1,5,0,12.356,61.696,45.85,NaN,NaN,-0.0712040975779147,0
104,190506,1,1,165,0,35,2,1,1,30,0,40,1,4,0,11.15,53.494,44.254,NaN,NaN,-0.0712040975779147,0
104,190506,1,1,228,0,40,2,1,0,30,20,40,1,5,0,10.434,92.146,61.848,NaN,NaN,0.0250751195564772,0
104,190506,1,1,266,0,40,2,1,1,30,20,40,1,4,0,13.2,96.886,45.362,NaN,NaN,0.0250751195564772,0
104,190506,1,1,298,30,40,2,1,0,30,40,40,1,5,0,13.524,61.004,45.718,NaN,NaN,0.169742500952692,0
104,190506,1,1,330,20,40,2,1,1,30,40,40,1,4,0,15.458,85.948,34.384,NaN,NaN,0.169742500952692,0
104,190506,1,1,368,0,40,2,1,0,30,60,40,1,4,0,12.918,66.96,45.176,NaN,NaN,-0.548172296594298,1
104,190506,1,1,399,30,40,2,1,1,30,60,40,1,1,0,11.614,19.542,6.464,NaN,NaN,-0.548172296594298,1
105,190506,1,1,1,10,50,2,1,1,30,20,40,1,1,0,0,25.472,22.054,NaN,NaN,-0.339333419789911,0
105,190506,1,1,33,30,50,2,1,0,30,20,40,1,5,0,19.972,51.638,30.72,NaN,NaN,-0.339333419789911,0
105,190506,1,1,66,30,50,2,1,1,30,0,40,1,5,0,10.884,61.106,44.722,NaN,NaN,0.193453252866155,0
105,190506,1,1,100,20,50,2,1,0,30,0,40,1,5,0,12.948,41.296,36.724,NaN,NaN,0.193453252866155,0
105,190506,1,1,133,0,45,2,1,1,30,0,40,1,5,0,15.822,61.332,44.32,NaN,NaN,-0.0683982683982683,0
105,190506,1,1,165,0,45,2,1,0,30,0,40,1,5,0,14.494,70.338,37.668,NaN,NaN,-0.0683982683982683,0
105,190506,1,1,228,0,40,2,1,1,30,20,40,1,0,0,0,0,0,NaN,NaN,-1,1
105,190506,1,1,266,0,40,2,1,0,30,20,40,1,5,0,13.846,72.492,49.52,NaN,NaN,-1,1
105,190506,1,1,298,30,40,2,1,1,30,40,40,1,0,0,0,0,0,NaN,NaN,-1,1
105,190506,1,1,330,20,40,2,1,0,30,40,40,1,5,0,14.718,52.31,29.928,NaN,NaN,-1,1
105,190506,1,1,368,0,45,2,1,1,30,60,40,1,0,0,0,0,0,NaN,NaN,-1,1
105,190506,1,1,399,30,45,2,1,0,30,60,40,1,5,0,9.066,62.042,46.838,NaN,NaN,-1,1
69,171128,2,2,NaN,NaN,NaN,NaN,1,0,30,20,30,NaN,5,0,21,82,37,0,0,-0.763440860215054,1
69,171128,2,2,NaN,NaN,NaN,NaN,1,1,30,20,30,NaN,0,0,11,11,0,0,0,-0.763440860215054,1
69,171128,2,3,NaN,NaN,NaN,NaN,1,1,30,20,30,NaN,5,0,18,49,31,1,0,-0.203252032520325,0
69,171128,2,3,NaN,NaN,NaN,NaN,1,0,30,20,30,NaN,5,0,22,74,37,0,0,-0.203252032520325,0
69,171129,3,1,NaN,NaN,NaN,NaN,1,0,30,20,30,NaN,5,0,9,36,27,0,0,0.217391304347826,0
69,171129,3,1,NaN,NaN,NaN,NaN,1,1,30,20,30,NaN,5,0,9,56,33,0,0,0.217391304347826,0
69,171204,1,1,NaN,NaN,NaN,NaN,1,0,30,20,30,NaN,5,0,10,85,29,1,0,-0.440677966101695,0
69,171204,1,1,NaN,NaN,NaN,NaN,1,1,30,20,30,NaN,5,0,12,33,19,0,0,-0.440677966101695,0
69,171205,3,1,NaN,NaN,NaN,NaN,1,0,30,20,30,NaN,5,0,14.058,45.98,27.254,1,0,0.25830335683061,0
69,171205,3,1,NaN,NaN,NaN,NaN,1,1,30,20,30,NaN,5,0,10.172,78.006,42.644,0,0,0.25830335683061,0
69,171205,3,2,NaN,NaN,NaN,NaN,1,1,30,20,30,NaN,5,0,11.366,75.328,39.27,1,0,-0.105984001519144,0
69,171205,3,2,NaN,NaN,NaN,NaN,1,0,30,20,30,NaN,5,0,13.298,93.188,48.56,1,1,-0.105984001519144,0
69,171206,3,1,NaN,NaN,NaN,NaN,1,0,30,20,30,NaN,5,0,9,94,32,1,0,-0.296551724137931,0
69,171206,3,1,NaN,NaN,NaN,NaN,1,1,30,20,30,NaN,5,0,12,51,33,1,0,-0.296551724137931,0
69,171213,1,1,NaN,NaN,NaN,NaN,1,1,30,20,30,NaN,5,0,9,44,35,1,0,-0.161904761904762,0
69,171213,1,1,NaN,NaN,NaN,NaN,1,0,30,20,30,NaN,5,0,10,61,45,0,0,-0.161904761904762,0
69,171213,1,2,NaN,NaN,NaN,NaN,1,0,30,20,30,NaN,5,0,11,52,41,1,0,0.1875,0
69,171213,1,2,NaN,NaN,NaN,NaN,1,1,30,20,30,NaN,5,0,16,76,46,1,0,0.1875,0
69,171213,1,3,NaN,NaN,NaN,NaN,1,0,30,20,30,NaN,5,0,12,64,46,1,0,0.0985915492957746,0
69,171213,1,3,NaN,NaN,NaN,NaN,1,1,30,20,30,NaN,5,0,18,78,47,1,0,0.0985915492957746,0
69,171213,1,4,NaN,NaN,NaN,NaN,1,1,30,20,30,NaN,5,0,16,79,54,0,0,-0.0919540229885057,0
69,171213,1,4,NaN,NaN,NaN,NaN,1,0,30,20,30,NaN,5,0,13,95,59,1,0,-0.0919540229885057,0
69,171219,1,1,NaN,NaN,NaN,NaN,1,0,30,0,30,NaN,5,0,14.634,27.494,10.1,0,0,0.355478456561489,0
69,171219,1,1,NaN,NaN,NaN,NaN,1,1,30,0,30,NaN,5,0,17.688,57.822,7.934,1,0,0.355478456561489,0
69,171219,1,1,NaN,NaN,NaN,NaN,1,0,30,20,30,NaN,5,0,14.746,46.82,6.702,0,0,0.146056759320055,0
69,171219,1,1,NaN,NaN,NaN,NaN,1,1,30,20,30,NaN,5,0,18.416,62.836,14.722,0,0,0.146056759320055,0
69,171219,1,1,NaN,NaN,NaN,NaN,1,0,30,40,30,NaN,5,0,18.236,75.992,23.088,1,1,0.0471581006357127,0
69,171219,1,1,NaN,NaN,NaN,NaN,1,1,30,40,30,NaN,5,0,15.666,83.514,38.926,1,0,0.0471581006357127,0
69,171219,1,1,NaN,NaN,NaN,NaN,1,0,30,60,30,NaN,5,0,20.386,43.866,23.654,1,1,0.0910673214396718,0
69,171219,1,1,NaN,NaN,NaN,NaN,1,1,30,60,30,NaN,5,0,12.954,52.656,47.398,0,0,0.0910673214396718,0
69,171220,1,1,NaN,NaN,NaN,NaN,1,1,30,60,30,NaN,5,0,6,25,19,1,0,-0.342105263157895,0
69,171220,1,1,NaN,NaN,NaN,NaN,1,0,30,60,30,NaN,5,0,8,51,36,1,0,-0.342105263157895,0
69,171220,1,1,NaN,NaN,NaN,NaN,1,1,30,40,30,NaN,5,0,12,36,21,0,0,-0.454545454545455,1
69,171220,1,1,NaN,NaN,NaN,NaN,1,0,30,40,30,NaN,5,0,12,96,47,0,0,-0.454545454545455,1
69,171220,1,1,NaN,NaN,NaN,NaN,1,1,30,20,30,NaN,5,0,14,72,39,1,0,-0.167630057803468,0
69,171220,1,1,NaN,NaN,NaN,NaN,1,0,30,20,30,NaN,5,0,15,101,35,1,0,-0.167630057803468,0
69,171220,1,1,NaN,NaN,NaN,NaN,1,1,30,0,30,NaN,5,0,19,70,34,1,0,0.217391304347826,0
69,171220,1,1,NaN,NaN,NaN,NaN,1,0,30,0,30,NaN,5,0,18,45,27,0,0,0.217391304347826,0
69,171221,1,1,NaN,NaN,NaN,NaN,1,1,30,60,30,NaN,5,0,17,39,22,1,0,-0.0602409638554217,0
69,171221,1,1,NaN,NaN,NaN,NaN,1,0,30,60,30,NaN,5,0,11,44,26,0,0,-0.0602409638554217,0
69,171221,1,1,NaN,NaN,NaN,NaN,1,1,30,40,30,NaN,5,0,15,49,26,1,0,0.342465753424658,0
69,171221,1,1,NaN,NaN,NaN,NaN,1,0,30,40,30,NaN,4,0,17,24,7,1,0,0.342465753424658,0
69,171221,1,1,NaN,NaN,NaN,NaN,1,1,30,20,30,NaN,5,0,17,46,25,0,0,0.0337078651685393,0
69,171221,1,1,NaN,NaN,NaN,NaN,1,0,30,20,30,NaN,5,0,17,43,23,1,0,0.0337078651685393,0
69,171221,1,1,NaN,NaN,NaN,NaN,1,1,30,0,30,NaN,5,0,19,50,30,0,0,-0.404761904761905,0
69,171221,1,1,NaN,NaN,NaN,NaN,1,0,30,0,30,NaN,5,0,16,118,37,0,0,-0.404761904761905,0
69,171227,1,1,NaN,NaN,NaN,NaN,1,1,30,0,30,NaN,1,0,35,35,0,0,0,-0.0789473684210526,0
69,171227,1,1,NaN,NaN,NaN,NaN,1,0,30,0,30,NaN,5,0,16,41,25,0,0,-0.0789473684210526,0
69,171227,1,1,NaN,NaN,NaN,NaN,1,0,30,20,30,NaN,5,0,14,30,16,0,0,0.285714285714286,0
69,171227,1,1,NaN,NaN,NaN,NaN,1,1,30,20,30,NaN,3,0,16,54,38,1,0,0.285714285714286,0
69,171227,1,1,NaN,NaN,NaN,NaN,1,0,30,40,30,NaN,4,0,18,65,47,0,0,0.12751677852349,0
69,171227,1,1,NaN,NaN,NaN,NaN,1,1,30,40,30,NaN,4,0,14,84,23,0,0,0.12751677852349,0
69,171227,1,1,NaN,NaN,NaN,NaN,1,0,30,60,30,NaN,5,0,16,55,39,1,0,-0.00917431192660551,0
69,171227,1,1,NaN,NaN,NaN,NaN,1,1,30,60,30,NaN,5,0,11,54,43,0,0,-0.00917431192660551,0
69,171228,1,1,NaN,NaN,NaN,NaN,1,1,30,60,30,NaN,5,0,7,72,57,0,0,0.2,0
69,171228,1,1,NaN,NaN,NaN,NaN,1,0,30,60,30,NaN,5,0,17,48,31,0,0,0.2,0
69,171228,1,1,NaN,NaN,NaN,NaN,1,1,30,40,30,NaN,5,0,20,57,33,1,0,0.0458715596330275,0
69,171228,1,1,NaN,NaN,NaN,NaN,1,0,30,40,30,NaN,5,0,16,52,25,1,0,0.0458715596330275,0
69,171228,1,1,NaN,NaN,NaN,NaN,1,1,30,20,30,NaN,5,0,21,53,32,0,0,-0.138211382113821,0
69,171228,1,1,NaN,NaN,NaN,NaN,1,0,30,20,30,NaN,5,0,27,70,22,1,0,-0.138211382113821,0
69,171228,1,1,NaN,NaN,NaN,NaN,1,1,30,0,30,NaN,5,0,24,63,34,1,0,-0.0869565217391304,0
69,171228,1,1,NaN,NaN,NaN,NaN,1,0,30,0,30,NaN,5,0,25,75,41,1,0,-0.0869565217391304,0
85,180808,2,1,NaN,NaN,100,2,1,0,30,0,45,NaN,5,0,8,45,34,NaN,NaN,0.0526315789473684,0
85,180808,2,1,NaN,NaN,100,2,1,1,30,0,45,NaN,5,0,6,50,36,NaN,NaN,0.0526315789473684,0
86,180808,2,1,NaN,NaN,200,2,1,1,30,0,45,NaN,4,0,16,45,27,NaN,NaN,-0.166666666666667,0
86,180808,2,1,NaN,NaN,200,2,1,0,30,0,45,NaN,4,0,20,63,21,NaN,NaN,-0.166666666666667,0
85,180813,2,1,NaN,NaN,100,2,1,0,30,20,45,NaN,1,2,0,17,0,NaN,NaN,0.546666666666667,0
85,180813,2,1,NaN,NaN,100,2,1,1,30,20,45,NaN,4,0,11,58,13,NaN,NaN,0.546666666666667,0
85,180813,2,1,NaN,NaN,100,2,1,0,30,40,45,NaN,5,0,6,49,33,NaN,NaN,0.02,0
85,180813,2,1,NaN,NaN,100,2,1,1,30,40,45,NaN,5,0,7,51,44,NaN,NaN,0.02,0
85,180813,2,1,NaN,NaN,100,2,1,0,30,60,45,NaN,5,0,6,54,48,NaN,NaN,0.0181818181818182,0
85,180813,2,1,NaN,NaN,100,2,1,1,30,60,45,NaN,5,0,11,56,45,NaN,NaN,0.0181818181818182,0
86,180813,2,1,NaN,NaN,200,2,1,1,30,20,45,NaN,1,0,0,29,0,NaN,NaN,-0.183098591549296,0
86,180813,2,1,NaN,NaN,200,2,1,0,30,20,45,NaN,2,4,0,42,0,NaN,NaN,-0.183098591549296,0
86,180813,2,1,NaN,NaN,200,2,1,1,30,40,45,NaN,4,2,16,64,20,NaN,NaN,0.0158730158730159,0
86,180813,2,1,NaN,NaN,200,2,1,0,30,40,45,NaN,5,0,14,62,44,NaN,NaN,0.0158730158730159,0
86,180813,2,1,NaN,NaN,200,2,1,1,30,60,45,NaN,4,0,24,67,43,NaN,NaN,-0.0289855072463768,0
86,180813,2,1,NaN,NaN,200,2,1,0,30,60,45,NaN,5,0,33,71,38,NaN,NaN,-0.0289855072463768,0
85,180814,2,1,NaN,NaN,75,2,1,0,30,0,45,NaN,5,0,11,55,44,NaN,NaN,-0.594202898550725,1
85,180814,2,1,NaN,NaN,75,2,1,1,30,0,45,NaN,0,0,0,14,0,NaN,NaN,-0.594202898550725,1
85,180814,2,1,NaN,NaN,75,2,1,0,30,20,45,NaN,5,0,6,55,37,NaN,NaN,-0.0891089108910891,0
85,180814,2,1,NaN,NaN,75,2,1,1,30,20,45,NaN,5,0,8,46,38,NaN,NaN,-0.0891089108910891,0
85,180814,2,1,NaN,NaN,75,2,1,0,30,40,45,NaN,5,0,9,52,38,NaN,NaN,-0.0612244897959184,0
85,180814,2,1,NaN,NaN,75,2,1,1,30,40,45,NaN,5,0,7,46,39,NaN,NaN,-0.0612244897959184,0
85,180814,2,1,NaN,NaN,75,2,1,0,30,60,45,NaN,5,0,8,53,45,NaN,NaN,-0.191011235955056,0
85,180814,2,1,NaN,NaN,75,2,1,1,30,60,45,NaN,5,0,10,36,26,NaN,NaN,-0.191011235955056,0
86,180814,2,1,NaN,NaN,175,2,1,1,30,0,45,NaN,3,0,0,39,0,NaN,NaN,0.258064516129032,0
86,180814,2,1,NaN,NaN,175,2,1,0,30,0,45,NaN,1,0,0,23,0,NaN,NaN,0.258064516129032,0
86,180814,2,1,NaN,NaN,200,2,1,1,30,20,45,NaN,4,0,12,60,28,NaN,NaN,0.0810810810810811,0
86,180814,2,1,NaN,NaN,200,2,1,0,30,20,45,NaN,5,0,17,51,30,NaN,NaN,0.0810810810810811,0
86,180814,2,1,NaN,NaN,190,2,1,1,30,40,45,NaN,5,0,19,54,38,NaN,NaN,0.0588235294117647,0
86,180814,2,1,NaN,NaN,190,2,1,0,30,40,45,NaN,5,0,15,48,30,NaN,NaN,0.0588235294117647,0
86,180814,2,1,NaN,NaN,190,2,1,1,30,60,45,NaN,5,0,22,46,22,NaN,NaN,-0.0315789473684211,0
86,180814,2,1,NaN,NaN,190,2,1,0,30,60,45,NaN,5,0,16,49,33,NaN,NaN,-0.0315789473684211,0
85,180815,2,1,NaN,NaN,75,2,1,0,30,60,45,NaN,5,0,9,63,37,NaN,NaN,-0.155963302752294,0
85,180815,2,1,NaN,NaN,75,2,1,1,30,60,45,NaN,4,0,7,46,39,NaN,NaN,-0.155963302752294,0
85,180815,2,1,NaN,NaN,70,2,1,0,30,40,45,NaN,5,0,7,58,41,NaN,NaN,0.0333333333333333,0
85,180815,2,1,NaN,NaN,70,2,1,1,30,40,45,NaN,4,0,8,62,40,NaN,NaN,0.0333333333333333,0
85,180815,2,1,NaN,NaN,70,2,1,0,30,40,45,NaN,5,0,7,54,41,NaN,NaN,0.114754098360656,0
85,180815,2,1,NaN,NaN,70,2,1,0,30,20,45,NaN,5,0,16,54,38,NaN,NaN,0.114754098360656,0
85,180815,2,1,NaN,NaN,70,2,1,1,30,20,45,NaN,5,0,22,68,37,NaN,NaN,0.0769230769230769,0
85,180815,2,1,NaN,NaN,70,2,1,1,30,40,45,NaN,4,0,13,63,40,NaN,NaN,0.0769230769230769,0
85,180815,2,1,NaN,NaN,65,2,1,0,30,0,45,NaN,5,0,0,14,0,NaN,NaN,0.243243243243243,0
85,180815,2,1,NaN,NaN,65,2,1,1,30,0,45,NaN,0,0,19,23,4,NaN,NaN,0.243243243243243,0
85,180815,2,1,NaN,NaN,65,2,1,0,30,0,45,NaN,5,0,16,72,50,NaN,NaN,-0.674418604651163,1
85,180815,2,1,NaN,NaN,65,2,1,1,30,0,45,NaN,0,0,0,14,0,NaN,NaN,-0.674418604651163,1
86,180815,2,1,NaN,NaN,190,2,1,1,30,60,45,NaN,5,0,15,52,24,NaN,NaN,0.0721649484536082,0
86,180815,2,1,NaN,NaN,190,2,1,0,30,60,45,NaN,5,0,17,45,21,NaN,NaN,0.0721649484536082,0
86,180815,2,1,NaN,NaN,180,2,1,1,30,40,45,NaN,5,1,16,60,31,NaN,NaN,0.153846153846154,0
86,180815,2,1,NaN,NaN,180,2,1,0,30,40,45,NaN,5,0,18,44,23,NaN,NaN,0.153846153846154,0
86,180815,2,1,NaN,NaN,180,2,1,1,30,40,45,NaN,5,1,17,56,30,NaN,NaN,0.0566037735849057,0
86,180815,2,1,NaN,NaN,180,2,1,0,30,40,45,NaN,5,0,22,50,28,NaN,NaN,0.0566037735849057,0
86,180815,2,1,NaN,NaN,170,2,1,1,30,20,45,NaN,5,0,25,47,22,NaN,NaN,-0.06,0
86,180815,2,1,NaN,NaN,170,2,1,0,30,20,45,NaN,5,0,20,53,33,NaN,NaN,-0.06,0
86,180815,2,1,NaN,NaN,160,2,1,1,30,0,45,NaN,5,0,28,48,20,NaN,NaN,-0.0679611650485437,0
86,180815,2,1,NaN,NaN,160,2,1,0,30,0,45,NaN,4,0,26,55,29,NaN,NaN,-0.0679611650485437,0
86,180815,2,1,NaN,NaN,160,2,1,1,30,0,45,NaN,5,0,24,54,24,NaN,NaN,0.384615384615385,0
86,180815,2,1,NaN,NaN,160,2,1,0,30,0,45,NaN,4,0,16,24,8,NaN,NaN,0.384615384615385,0
85,180816,2,1,NaN,NaN,70,2,1,0,30,0,45,NaN,2,1,0,32,0,NaN,NaN,-0.882352941176471,1
85,180816,2,2,NaN,NaN,70,2,1,1,30,0,45,NaN,2,1,0,2,0,NaN,NaN,-0.882352941176471,1
85,180816,2,3,NaN,NaN,70,2,1,0,30,20,45,NaN,2,0,0,31,0,NaN,NaN,0.101449275362319,0
85,180816,2,3,NaN,NaN,70,2,1,1,30,20,45,NaN,2,0,0,38,0,NaN,NaN,0.101449275362319,0
85,180816,2,3,NaN,NaN,75,2,1,0,30,20,45,NaN,4,0,20,42,22,NaN,NaN,0.192307692307692,0
85,180816,2,3,NaN,NaN,75,2,1,1,30,20,45,NaN,5,0,16,62,27,NaN,NaN,0.192307692307692,0
85,180816,2,3,NaN,NaN,75,2,1,0,30,40,45,NaN,2,0,0,34,0,NaN,NaN,0.170731707317073,0
85,180816,2,3,NaN,NaN,75,2,1,1,30,40,45,NaN,5,0,11,48,32,NaN,NaN,0.170731707317073,0
85,180816,2,3,NaN,NaN,80,2,1,0,30,60,45,NaN,5,0,4,63,47,NaN,NaN,-0.465116279069767,1
85,180816,2,3,NaN,NaN,80,2,1,1,30,60,45,NaN,1,0,0,23,0,NaN,NaN,-0.465116279069767,1
85,180816,2,3,NaN,NaN,80,2,1,0,30,60,45,NaN,1,0,0,26,0,NaN,NaN,0.0714285714285714,0
85,180816,2,3,NaN,NaN,80,2,1,1,30,60,45,NaN,1,0,0,30,0,NaN,NaN,0.0714285714285714,0
86,180816,2,1,NaN,NaN,170,2,1,1,30,0,45,NaN,4,1,34,42,8,NaN,NaN,0.3125,0
86,180816,2,2,NaN,NaN,170,2,1,0,30,0,45,NaN,4,1,18,22,4,NaN,NaN,0.3125,0
86,180816,2,3,NaN,NaN,170,2,1,1,30,20,45,NaN,4,2,0,41,11,NaN,NaN,-0.0120481927710843,0
86,180816,2,3,NaN,NaN,170,2,1,0,30,20,45,NaN,5,3,19,42,7,NaN,NaN,-0.0120481927710843,0
86,180816,2,3,NaN,NaN,170,2,1,1,30,20,45,NaN,5,3,15,45,19,NaN,NaN,-0.0217391304347826,0
86,180816,2,3,NaN,NaN,170,2,1,0,30,20,45,NaN,5,0,19,47,28,NaN,NaN,-0.0217391304347826,0
86,180816,2,3,NaN,NaN,170,2,1,1,30,40,45,NaN,5,0,21,45,24,NaN,NaN,-0.1,0
86,180816,2,3,NaN,NaN,170,2,1,0,30,40,45,NaN,5,0,21,55,32,NaN,NaN,-0.1,0
86,180816,2,3,NaN,NaN,150,2,1,1,30,60,45,NaN,4,0,25,54,27,NaN,NaN,-0.0181818181818182,0
86,180816,2,3,NaN,NaN,150,2,1,0,30,60,45,NaN,5,0,24,56,32,NaN,NaN,-0.0181818181818182,0
86,180816,2,3,NaN,NaN,150,2,1,1,30,60,45,NaN,4,0,34,63,29,NaN,NaN,0.518072289156627,0
86,180816,2,3,NaN,NaN,150,2,1,0,30,60,45,NaN,2,0,0,20,0,NaN,NaN,0.518072289156627,0
82,190130,1,1,1,20,100,2,1,0,30,0,45,1,5,0,1.214,43.942,40.51,NaN,NaN,-0.773356471205456,1
82,190130,1,1,38,20,100,2,1,1,30,0,45,1,4,0,0.398,5.616,9.154,NaN,NaN,-0.773356471205456,1
82,190130,1,1,73,30,90,2,1,0,30,20,45,1,5,0,5.488,41.126,35.116,NaN,NaN,-0.018676310314079,0
82,190130,1,1,108,30,90,2,1,1,30,20,45,1,5,0,5.308,39.618,33.546,NaN,NaN,-0.018676310314079,0
82,190130,1,1,142,30,90,2,1,0,30,40,45,1,5,0,5.962,47.598,39.312,NaN,NaN,-1,1
82,190130,1,1,175,30,90,2,1,1,30,40,45,1,0,0,0,0,5.448,NaN,NaN,-1,1
82,190130,1,1,209,30,95,2,1,0,30,60,45,1,5,0,1.108,46.94,118.198,NaN,NaN,-1,1
82,190130,1,1,241,55,95,2,1,1,30,60,45,1,0,0,2.702,0,7.744,NaN,NaN,-1,1
83,190130,1,1,1,20,100,2,1,1,30,0,45,1,5,0,14.648,50.148,36.146,NaN,NaN,0.0152444579410872,0
83,190130,1,1,38,20,100,2,1,0,30,0,45,1,5,0,5.464,48.642,41.864,NaN,NaN,0.0152444579410872,0
83,190130,1,1,73,30,80,2,1,1,30,20,45,1,1,0,0,0,0,NaN,NaN,-1,1
83,190130,1,1,108,30,80,2,1,0,30,20,45,1,5,0,10.876,49.514,34.242,NaN,NaN,-1,1
83,190130,1,1,142,30,90,2,1,1,30,40,45,1,5,0,0.992,63.166,53.624,NaN,NaN,-0.0316864163843453,0
83,190130,1,1,175,30,90,2,1,0,30,40,45,1,5,0,4.438,67.3,55.608,NaN,NaN,-0.0316864163843453,0
82,190204,1,1,1,40,100,2,1,0,30,60,45,1,1,0,1.044,25.184,5.438,NaN,NaN,0.44159645232816,0
82,190204,1,1,35,0,100,2,1,1,30,60,45,1,5,0,6.038,65.016,38.88,NaN,NaN,0.44159645232816,0
82,190204,1,1,67,15,100,2,1,0,30,40,45,1,5,0,6.074,44.728,36.526,NaN,NaN,-0.0105053882475205,0
82,190204,1,1,118,30,100,2,1,1,30,40,45,1,5,0,5.194,43.798,39.14,NaN,NaN,-0.0105053882475205,0
82,190204,1,1,152,0,90,2,1,0,30,20,45,1,5,0,0.42,65.706,46.4,NaN,NaN,-0.693846510788585,1
82,190204,1,1,183,30,90,2,1,1,30,20,45,1,1,0,0.448,11.876,8.058,NaN,NaN,-0.693846510788585,1
82,190204,1,1,218,0,90,2,1,0,30,0,45,1,5,0,5.194,39.688,39.138,NaN,NaN,-0.736284889316651,1
82,190204,1,1,254,0,90,2,1,1,30,0,45,1,3,0,0,6.028,12.498,NaN,NaN,-0.736284889316651,1
83,190204,1,1,1,40,90,2,1,1,30,60,45,1,0,0,5.096,23.436,10.124,NaN,NaN,-0.367961165048544,0
83,190204,1,1,35,0,90,2,1,0,30,60,45,1,5,0,11.444,50.724,20.138,NaN,NaN,-0.367961165048544,0
83,190204,1,1,67,15,90,2,1,1,30,40,45,1,5,0,12.7,48.95,23.764,NaN,NaN,0.125908547244457,0
83,190204,1,1,118,30,90,2,1,0,30,40,45,1,5,0,11.048,38.002,27.442,NaN,NaN,0.125908547244457,0
83,190204,1,1,152,0,85,2,1,1,30,20,45,1,4,0,12.684,57.778,22.52,NaN,NaN,-0.0505160060474594,0
83,190204,1,1,183,30,85,2,1,0,30,20,45,1,5,0,15.35,63.926,39.318,NaN,NaN,-0.0505160060474594,0
83,190204,1,1,218,0,80,2,1,1,30,0,45,1,5,0,11.652,56.904,49.04,NaN,NaN,-0.136994403749033,0
83,190204,1,1,254,0,80,2,1,0,30,0,45,1,5,0,17.924,74.97,44.206,NaN,NaN,-0.136994403749033,0
82,190205,1,1,6,0,90,2,1,0,30,0,45,1,5,0,3.978,31.786,34.37,NaN,NaN,-1,1
82,190205,1,1,32,30,90,2,1,1,30,0,45,1,3,0,4.672,0,6.624,NaN,NaN,-1,1
82,190205,1,1,71,35,90,2,1,0,30,20,45,1,5,0,2.666,45.204,41.494,NaN,NaN,-0.846945863125638,1
82,190205,1,1,103,55,90,2,1,1,30,20,45,1,3,0,3.944,3.746,6.816,NaN,NaN,-0.846945863125638,1
82,190205,1,1,134,45,90,2,1,0,30,40,45,1,5,0,4.566,50.59,45.882,NaN,NaN,-0.0131373412905035,0
82,190205,1,1,168,0,90,2,1,1,30,40,45,1,1,0,6.228,49.278,33.042,NaN,NaN,-0.0131373412905035,0
82,190205,1,1,265,0,90,2,1,0,30,60,45,1,5,0,5.418,45.506,41.392,NaN,NaN,-1,1
82,190205,1,1,295,30,90,2,1,1,30,60,45,1,0,0,0,0,5.474,NaN,NaN,-1,1
83,190205,1,1,6,0,80,2,1,1,30,0,45,1,5,0,11.392,37.648,38.204,NaN,NaN,-0.194471189849584,0
83,190205,1,1,32,30,80,2,1,0,30,0,45,1,5,0,14.16,55.826,46.55,NaN,NaN,-0.194471189849584,0
83,190205,1,1,71,35,75,2,1,1,30,20,45,1,5,0,7.668,59.77,48.096,NaN,NaN,-0.00281953319207856,0
83,190205,1,1,103,55,75,2,1,0,30,20,45,1,5,0,7.734,60.108,50.846,NaN,NaN,-0.00281953319207856,0
83,190205,1,1,134,45,70,2,1,1,30,40,45,1,5,0,10.162,61.422,51.294,NaN,NaN,-0.139988798655839,0
83,190205,1,1,168,0,70,2,1,0,30,40,45,1,5,0,6.662,81.418,73.122,NaN,NaN,-0.139988798655839,0
83,190205,1,1,265,0,65,2,1,1,30,60,45,1,5,0,13.378,67.456,55.1,NaN,NaN,0.258718814726353,0
83,190205,1,1,295,30,65,2,1,0,30,60,45,1,5,0,5.256,39.726,31.132,NaN,NaN,0.258718814726353,0
83,190205,1,1,327,50,65,2,1,1,30,60,45,1,5,0,10.506,68.902,38.346,NaN,NaN,-0.0412034009156311,0
83,190205,1,1,364,0,65,2,1,0,30,60,45,1,5,0,8.898,74.824,65.644,NaN,NaN,-0.0412034009156311,0
83,190205,1,1,396,30,65,2,1,1,30,40,45,1,4,0,10.178,55.09,41.868,NaN,NaN,0.014829142488717,0
83,190205,1,1,428,30,65,2,1,0,30,40,45,1,5,0,9.808,53.48,43.808,NaN,NaN,0.014829142488717,0
82,190218,1,1,0,30,90,2,1,0,30,20,45,1,5,0,5.872,50.26,38.026,NaN,NaN,-0.034944299157795,0
82,190218,1,1,35,15,90,2,1,1,30,20,45,1,5,0,4.412,46.866,42.166,NaN,NaN,-0.034944299157795,0
82,190218,1,1,75,0,85,2,1,0,30,0,45,1,5,0,5.82,46.484,39.618,NaN,NaN,0.0893703718214943,0
82,190218,1,1,108,0,85,2,1,1,30,0,45,1,5,0,3.932,55.608,41.64,NaN,NaN,0.0893703718214943,0
83,190218,1,1,0,30,90,2,1,1,30,20,45,1,5,0,12.256,88.628,72.29,NaN,NaN,0.185801634979462,0
83,190218,1,1,35,15,90,2,1,0,30,20,45,1,5,0,16.462,60.854,44.652,NaN,NaN,0.185801634979462,0
83,190218,1,1,75,0,85,2,1,1,30,0,45,1,5,0,15.374,69.224,48.762,NaN,NaN,0.0291695162201541,0
83,190218,1,1,108,0,85,2,1,0,30,0,45,1,5,0,6.02,65.3,56.76,NaN,NaN,0.0291695162201541,0
82,190219,1,1,1,0,75,2,1,0,30,0,45,1,5,0,3.388,31.922,32.218,NaN,NaN,0.114851375332742,0
82,190219,1,1,39,20,75,2,1,1,30,0,45,1,5,0,3.776,40.206,37.206,NaN,NaN,0.114851375332742,0
82,190219,1,1,71,0,50,2,1,0,30,20,45,1,5,0,3.78,38.566,36.73,NaN,NaN,-1,1
82,190219,1,1,104,0,50,2,1,1,30,20,45,1,0,0,0,0,3.488,NaN,NaN,-1,1
82,190219,1,1,136,0,60,2,1,0,30,40,45,1,5,0,4.646,41.464,37.426,NaN,NaN,0.079130299598019,0
82,190219,1,1,167,30,60,2,1,1,30,40,45,1,5,0,0,48.59,50.296,NaN,NaN,0.079130299598019,0
83,190219,1,1,1,0,75,2,1,1,30,0,45,1,5,0,12.366,52.632,39.448,NaN,NaN,-0.131943528169943,0
83,190219,1,1,39,20,75,2,1,0,30,0,45,1,5,0,7.14,68.632,44.252,NaN,NaN,-0.131943528169943,0
83,190219,1,1,71,0,50,2,1,1,30,20,45,1,5,0,7.46,58.488,42.956,NaN,NaN,-0.0364097663843949,0
83,190219,1,1,104,0,50,2,1,0,30,20,45,1,5,0,10.358,62.908,43.728,NaN,NaN,-0.0364097663843949,0
83,190219,1,1,203,0,35,2,1,1,30,60,45,1,5,0,2.062,86.852,67.214,NaN,NaN,0.150967399946992,0
83,190219,1,1,241,0,35,2,1,0,30,60,45,1,5,0,1.63,64.068,67.056,NaN,NaN,0.150967399946992,0
82,190220,1,1,2,50,60,2,1,0,30,60,45,1,5,0,10.686,42.318,30.998,NaN,NaN,-0.0103619520580651,0
82,190220,1,1,35,0,60,2,1,1,30,60,45,1,5,0,0.056,41.45,40.242,NaN,NaN,-0.0103619520580651,0
82,190220,1,1,68,0,50,2,1,0,30,40,45,1,5,0,7.908,70.746,38.362,NaN,NaN,-0.251056605775522,0
82,190220,1,1,101,0,50,2,1,1,30,40,45,1,5,0,0,42.352,46.278,NaN,NaN,-0.251056605775522,0
82,190220,1,1,155,0,45,2,1,0,30,20,45,1,5,0,8.908,52.69,58.312,NaN,NaN,-1,1
82,190220,1,1,193,0,45,2,1,1,30,20,45,1,0,0,0,0,0,NaN,NaN,-1,1
82,190220,1,1,225,0,45,2,1,0,30,0,45,1,5,0,0,55.714,55.464,NaN,NaN,-1,1
82,190220,1,1,261,0,45,2,1,1,30,0,45,1,1,0,0,0,0,NaN,NaN,-1,1
83,190220,1,1,2,50,30,2,1,1,30,60,45,1,5,0,14.278,43.518,32.404,NaN,NaN,-0.0618694489954299,0
83,190220,1,1,35,0,30,2,1,0,30,60,45,1,5,0,12.474,49.258,39.384,NaN,NaN,-0.0618694489954299,0
83,190220,1,1,68,0,20,2,1,1,30,40,45,1,5,0,15.222,57.892,43.986,NaN,NaN,0.0549218265971793,0
83,190220,1,1,101,0,20,2,1,0,30,40,45,1,5,0,9.188,51.864,43.142,NaN,NaN,0.0549218265971793,0
83,190220,1,1,155,0,15,2,1,1,30,20,45,1,5,0,9.044,53.858,40.544,NaN,NaN,-0.0725491209037213,0
83,190220,1,1,193,0,15,2,1,0,30,20,45,1,5,0,15.198,62.284,47.522,NaN,NaN,-0.0725491209037213,0
82,190221,1,1,64,30,55,2,1,0,30,20,45,1,4,0,11.186,55.116,38.054,NaN,NaN,-1,1
82,190221,1,1,97,30,55,2,1,1,30,20,45,1,1,0,0,0,5.172,NaN,NaN,-1,1
82,190221,1,1,305,10,70,2,1,0,30,60,45,1,5,0,0,91.186,43.598,NaN,NaN,-1,1
82,190221,1,1,338,10,70,2,1,1,30,60,45,1,0,0,0,0,0,NaN,NaN,-1,1
82,190221,1,1,389,20,90,2,1,0,30,60,45,1,5,2,1.416,67.646,19.674,NaN,NaN,-0.935064935064935,1
82,190221,1,1,422,0,90,2,1,1,30,60,45,1,1,2,0,2.27,7.472,NaN,NaN,-0.935064935064935,1
82,190221,1,1,535,0,80,2,1,0,30,20,45,1,3,2,0.54,34.572,40.072,NaN,NaN,-0.950575490859851,1
82,190221,1,1,554,0,80,2,1,1,30,20,45,1,1,0,4.234,0.876,9.926,NaN,NaN,-0.950575490859851,1
82,190221,1,1,595,0,85,2,1,0,30,0,45,1,3,2,0.674,71.8,39.306,NaN,NaN,-0.774855391308647,1
82,190221,1,1,629,30,85,2,1,1,30,0,45,1,1,0,0,9.108,11.484,NaN,NaN,-0.774855391308647,1
83,190221,1,1,64,30,25,2,1,1,30,20,45,1,4,0,20.958,43.06,14.168,NaN,NaN,-0.0525018703516261,0
83,190221,1,1,97,30,25,2,1,0,30,20,45,1,5,0,18.752,47.832,27.788,NaN,NaN,-0.0525018703516261,0
83,190221,1,1,389,20,50,2,1,1,30,60,45,1,5,0,26.47,27.012,1.828,NaN,NaN,-0.215223707147008,0
83,190221,1,1,422,0,50,2,1,0,30,60,45,1,4,0,1.306,41.828,33.778,NaN,NaN,-0.215223707147008,0
83,190221,1,1,455,20,50,2,1,1,30,40,45,1,2,2,15.296,48.732,11.19,NaN,NaN,-0.05490371002463,0
83,190221,1,1,492,0,50,2,1,0,30,40,45,1,5,0,2.472,54.394,9.006,NaN,NaN,-0.05490371002463,0
83,190221,1,1,535,0,50,2,1,1,30,20,45,1,0,0,0,0,0,NaN,NaN,-1,1
83,190221,1,1,554,0,50,2,1,0,30,20,45,1,1,2,0.438,32.71,25.138,NaN,NaN,-1,1
119,190718,1,3,2,0,70,2,1,0,30,0,40,1,4,0,9.608,22.532,12.614,NaN,NaN,-1,1
119,190718,1,3,33,0,70,2,1,1,30,0,40,1,1,0,0,0,0,NaN,NaN,-1,1
119,190718,1,3,63,30,70,2,1,0,30,40,40,1,4,0,6.464,41.122,11.346,NaN,NaN,0.0246667615388264,0
119,190718,1,3,94,30,70,2,1,1,30,40,40,1,3,0,7.452,43.202,21.556,NaN,NaN,0.0246667615388264,0
119,190718,1,3,187,0,65,2,1,0,30,60,40,1,4,0,6.116,40.752,19.266,NaN,NaN,0.0242080310322534,0
119,190718,1,4,6,30,65,2,1,1,30,60,40,1,3,0,8.082,42.774,19.772,NaN,NaN,0.0242080310322534,0
119,190718,1,4,38,30,65,2,1,0,30,0,40,1,5,0,8.238,45.384,23.336,NaN,NaN,-0.00402637051457897,0
119,190718,1,4,69,0,65,2,1,1,30,0,40,1,4,0,8.462,45.02,24.796,NaN,NaN,-0.00402637051457897,0
119,190718,1,4,100,0,65,2,1,0,30,20,40,1,5,0,9.784,42.43,22.126,NaN,NaN,-0.0283069167757258,0
119,190718,1,4,137,0,65,2,1,1,30,20,40,1,4,0,8.06,40.094,24.46,NaN,NaN,-0.0283069167757258,0
120,190718,1,3,2,0,325,2,1,1,30,0,40,1,1,0,0,0,0,NaN,NaN,-1,1
120,190718,1,3,33,0,325,2,1,0,30,0,40,1,2,0,6.818,38.06,7.088,NaN,NaN,-1,1
120,190718,1,3,63,30,325,2,1,1,30,40,40,1,4,0,8.002,47.72,35.818,NaN,NaN,0.615655471289274,0
120,190718,1,3,94,30,325,2,1,0,30,40,40,1,1,0,9.236,11.352,2.034,NaN,NaN,0.615655471289274,0
120,190718,1,4,38,30,325,2,1,1,30,0,40,1,1,0,6.064,9.902,2.92,NaN,NaN,-0.737959140467873,1
120,190718,1,4,69,0,325,2,1,0,30,0,40,1,2,0,8.774,65.674,9.414,NaN,NaN,-0.737959140467873,1
119,190718,1,3,0,30,80,2,1,0,30,40,40,1,1,0,0,7.684,0,NaN,NaN,-1,1
119,190718,1,3,21,30,80,2,1,1,30,40,40,1,1,0,0,0,0,NaN,NaN,-1,1
119,190718,1,3,56,30,100,2,1,0,30,60,40,1,2,1,0,36.104,0,NaN,NaN,0.090991490004532,0
119,190718,1,3,88,30,100,2,1,1,30,60,40,1,1,1,16.466,43.332,5.332,NaN,NaN,0.090991490004532,0
120,190718,1,3,0,30,350,2,1,1,30,40,40,1,0,0,3.34,11.1,1.21,NaN,NaN,-0.0792966157929662,0
120,190718,1,3,21,30,350,2,1,0,30,40,40,1,2,0,0,13.012,0,NaN,NaN,-0.0792966157929662,0
120,190718,1,3,56,30,375,2,1,1,30,60,40,1,1,1,0,25.66,0,NaN,NaN,-0.0943742500176466,0
120,190718,1,3,88,30,375,2,1,0,30,60,40,1,2,1,8.76,31.008,18.478,NaN,NaN,-0.0943742500176466,0
120,190718,1,3,121,0,375,2,1,1,30,0,40,1,1,1,0,29.344,0,NaN,NaN,-0.0135475846303829,0
120,190718,1,3,143,0,375,2,1,0,30,0,40,1,1,1,17.4,30.15,11.65,NaN,NaN,-0.0135475846303829,0
120,190718,1,3,165,0,375,2,1,1,30,20,40,1,1,3,0,28.194,0,NaN,NaN,0.181791507733579,0
120,190718,1,3,187,0,375,2,1,0,30,20,40,1,1,1,0,19.52,0,NaN,NaN,0.181791507733579,0
120,190718,1,3,224,0,375,2,1,1,30,40,40,1,1,1,0,20.576,0,NaN,NaN,-0.250555454379894,0
120,190718,1,3,260,0,375,2,1,0,30,40,40,1,2,0,26.49,34.334,35.3,NaN,NaN,-0.250555454379894,0
93,180910,1,1,2,0,35,2,1,0,30,0,45,1,5,0,6.81,58.33,48.398,NaN,NaN,0.183590633616527,0
93,180910,1,1,32,8,35,2,1,1,30,0,45,1,5,0,8.46,84.564,58.92,NaN,NaN,0.183590633616527,0
93,180910,1,1,60,0,35,2,1,0,30,20,45,1,5,0,6.782,75.376,60.296,NaN,NaN,-0.0740994072047424,0
93,180910,1,1,90,10,35,2,1,1,30,20,45,1,5,0,9.452,64.976,69.368,NaN,NaN,-0.0740994072047424,0
94,180910,1,1,2,0,20,2,1,1,30,0,45,1,5,0,1.092,60.818,41.188,NaN,NaN,0.177502420135528,0
94,180910,1,1,32,8,20,2,1,0,30,0,45,1,5,0,0,42.482,43.812,NaN,NaN,0.177502420135528,0
94,180910,1,1,60,0,20,2,1,1,30,20,45,1,5,0,1.772,58.042,58.17,NaN,NaN,-0.0338731960650499,0
94,180910,1,1,90,10,20,2,1,0,30,20,45,1,5,0,0,62.112,47.718,NaN,NaN,-0.0338731960650499,0
94,180910,1,1,120,10,20,2,1,1,30,40,45,1,5,0,0,78.462,49.566,NaN,NaN,0.039879130054471,0
94,180910,1,1,152,0,20,2,1,0,30,40,45,1,5,0,0,72.444,41.234,NaN,NaN,0.039879130054471,0
93,180911,1,1,4,20,35,2,1,0,30,60,45,1,5,0,0.248,45.968,45.204,NaN,NaN,-1,1
93,180911,1,1,32,30,35,2,1,1,30,60,45,0,0,0,0,0,0,NaN,NaN,-1,1
93,180911,1,1,67,20,75,2,1,0,30,60,45,1,5,0,5.228,3.648,7.628,NaN,NaN,0.885882316138518,0
93,180911,1,1,124,50,75,2,1,1,30,60,45,1,5,0,14.722,60.286,38.538,NaN,NaN,0.885882316138518,0
94,180911,1,1,67,20,50,2,1,1,30,60,45,1,5,0,5.74,57.222,44.018,NaN,NaN,-0.0944023295931125,0
94,180911,1,1,124,50,50,2,1,0,30,60,45,1,5,0,2.666,69.152,47.09,NaN,NaN,-0.0944023295931125,0
94,180911,1,1,230,0,55,2,1,1,30,20,45,1,5,0,4.752,63.222,50.804,NaN,NaN,0.00503934504411414,0
94,180911,1,1,270,0,55,2,1,0,30,20,45,1,5,0,4.444,62.588,51.422,NaN,NaN,0.00503934504411414,0
94,180911,1,1,301,20,55,2,1,1,30,0,45,1,5,0,6.82,53.248,37.172,NaN,NaN,-0.0197890396333045,0
94,180911,1,1,337,30,55,2,1,0,30,0,45,1,1,0,0.48,55.398,7.236,NaN,NaN,-0.0197890396333045,0
93,180922,1,1,0,34,150,2,1,0,30,0,45,1,5,0,8.612,56.314,47.348,NaN,NaN,0.14226094373534,0
93,180922,1,1,32,0,150,2,1,1,30,0,45,1,5,0,4.164,74.994,68.538,NaN,NaN,0.14226094373534,0
93,180922,1,2,0,30,100,2,1,0,30,20,45,1,5,0,8.59,75.27,66.196,NaN,NaN,-0.0136691131910309,0
93,180922,1,2,32,30,100,2,1,1,30,20,45,1,5,0,13.998,73.24,44.476,NaN,NaN,-0.0136691131910309,0
93,180922,1,2,65,0,90,2,1,0,30,40,45,1,5,0,12.17,84.154,77.852,NaN,NaN,-0.131756256976478,0
93,180922,1,2,96,30,90,2,1,1,30,40,45,1,5,0,13,64.56,45.192,NaN,NaN,-0.131756256976478,0
93,180922,1,2,128,30,90,2,1,0,30,60,45,1,5,0,13.634,72.404,55.708,NaN,NaN,-0.0303245912370327,0
93,180922,1,2,160,0,90,2,1,1,30,60,45,1,5,0,12.106,68.142,61.062,NaN,NaN,-0.0303245912370327,0
94,180922,1,1,0,34,100,2,1,1,30,0,45,1,5,0,1.714,56.67,54.412,NaN,NaN,0.00782500444602528,0
94,180922,1,1,32,0,100,2,1,0,30,0,45,1,5,0,2.77,55.79,56.084,NaN,NaN,0.00782500444602528,0
94,180922,1,2,0,30,75,2,1,1,30,20,45,1,5,0,2.652,63.22,62.142,NaN,NaN,0.017052767052767,0
94,180922,1,2,32,30,75,2,1,0,30,20,45,1,5,0,2.89,61.1,57.048,NaN,NaN,0.017052767052767,0
94,180922,1,2,65,0,60,2,1,1,30,40,45,1,5,0,3.034,64.908,63.098,NaN,NaN,0.0872726054474187,0
94,180922,1,2,96,30,60,2,1,0,30,40,45,1,5,0,3.242,54.488,52.19,NaN,NaN,0.0872726054474187,0
94,180922,1,2,128,30,60,2,1,1,30,60,45,1,5,0,3.342,58.262,54.25,NaN,NaN,0.0248372911169745,0
94,180922,1,2,160,0,60,2,1,0,30,60,45,1,5,0,3.086,55.438,53.37,NaN,NaN,0.0248372911169745,0
93,180925,1,1,0,30,90,2,1,0,30,60,45,1,5,0,11.848,38.612,38.536,NaN,NaN,-0.257310322370563,0
93,180925,1,1,31,30,90,2,1,1,30,60,45,1,5,0,10.928,22.808,19.644,NaN,NaN,-0.257310322370563,0
93,180925,1,1,63,30,80,2,1,0,30,40,45,1,5,0,11.694,20.974,18.208,NaN,NaN,0.134771667835485,0
93,180925,1,1,97,30,80,2,1,1,30,40,45,1,5,0,15.1,27.508,18.904,NaN,NaN,0.134771667835485,0
93,180925,1,2,13,30,70,2,1,0,30,20,45,1,4,0,11.884,69.412,31.936,NaN,NaN,-0.01002575556946,0
93,180925,1,2,45,30,70,2,1,1,30,20,45,1,5,2,18.294,68.034,27.182,NaN,NaN,-0.01002575556946,0
93,180925,1,2,67,30,60,2,1,0,30,0,45,1,5,1,17.822,75.758,32.344,NaN,NaN,-1,1
93,180925,1,2,104,40,60,2,1,1,30,0,45,1,4,0,0,0,0,NaN,NaN,-1,1
94,180925,1,1,0,30,60,2,1,1,30,60,45,1,5,0,4.164,42.22,26.106,NaN,NaN,-0.00153718812817787,0
94,180925,1,1,31,30,60,2,1,0,30,60,45,1,5,0,2.872,42.35,27.718,NaN,NaN,-0.00153718812817787,0
106,190625,2,2,1,0,50,2,1,0,30,20,35,1,5,0,13.782,44.586,5.732,NaN,NaN,0.111744197629246,0
106,190625,2,2,64,0,50,2,1,1,30,20,35,1,5,0,11.918,55.804,21.254,NaN,NaN,0.111744197629246,0
106,190625,2,2,103,0,45,2,1,0,30,60,35,1,5,0,9.216,43.42,35.89,NaN,NaN,0.187545609340793,0
106,190625,2,2,134,30,45,2,1,1,30,60,35,1,5,1,10.24,63.466,51.922,NaN,NaN,0.187545609340793,0
106,190625,2,2,165,40,40,2,1,0,30,0,35,1,4,0,16.534,64.134,34.506,NaN,NaN,-0.00429063576573757,0
106,190625,2,2,197,0,40,2,1,1,30,0,35,1,5,0,17.02,63.586,42.964,NaN,NaN,-0.00429063576573757,0
106,190625,2,2,228,0,35,2,1,0,30,40,35,1,4,0,13.166,100.084,63.722,NaN,NaN,-0.529097214795349,1
106,190625,2,2,259,0,35,2,1,1,30,40,35,1,4,0,12.632,30.822,11.448,NaN,NaN,-0.529097214795349,1
107,190625,2,2,1,0,100,2,1,1,30,20,35,1,4,2,5.54,31.32,12.916,NaN,NaN,-0.148450244698206,0
107,190625,2,2,64,0,100,2,1,0,30,20,35,1,5,0,6.64,42.24,35.994,NaN,NaN,-0.148450244698206,0
107,190625,2,2,103,0,90,2,1,1,30,60,35,1,5,0,5.582,51.724,42.662,NaN,NaN,-0.173037875517611,0
107,190625,2,2,134,30,90,2,1,0,30,60,35,1,5,0,7.53,73.37,62.246,NaN,NaN,-0.173037875517611,0
107,190625,2,2,165,40,85,2,1,1,30,0,35,1,4,0,18.104,85.228,63.11,NaN,NaN,-0.0276437234030416,0
107,190625,2,2,197,0,85,2,1,0,30,0,35,1,5,0,8.36,90.074,70.234,NaN,NaN,-0.0276437234030416,0
107,190625,2,2,228,0,80,2,1,1,30,40,35,1,5,0,15.86,86.302,61.322,NaN,NaN,0.114580911791295,0
107,190625,2,2,259,0,80,2,1,0,30,40,35,1,5,0,5.986,68.558,46.174,NaN,NaN,0.114580911791295,0
106,190626,2,2,1,30,45,2,1,0,30,40,35,1,5,0,10.498,50.192,6.438,NaN,NaN,-0.774572196294725,1
106,190626,2,2,33,30,45,2,1,1,30,40,35,1,5,0,6.986,6.376,5.866,NaN,NaN,-0.774572196294725,1
106,190626,2,2,67,0,45,2,1,0,30,0,35,1,5,0,10.388,29.724,22.946,NaN,NaN,0.153548240118465,0
106,190626,2,2,97,30,45,2,1,1,30,0,35,1,5,0,10.912,40.508,30.034,NaN,NaN,0.153548240118465,0
106,190626,2,2,128,30,40,2,1,0,30,60,35,1,5,0,11.338,52.194,33.888,NaN,NaN,0.00166408446663223,0
106,190626,2,2,159,0,40,2,1,1,30,60,35,1,5,0,12.536,52.368,33.064,NaN,NaN,0.00166408446663223,0
106,190626,2,2,193,0,35,2,1,0,30,20,35,1,5,0,12.77,55.108,37.96,NaN,NaN,0.186321555657271,0
106,190626,2,2,231,0,35,2,1,1,30,20,35,1,5,0,16.798,80.346,32.19,NaN,NaN,0.186321555657271,0
107,190626,2,2,1,30,85,2,1,1,30,40,35,1,5,0,7.784,43.96,33.034,NaN,NaN,0.20471362016991,0
107,190626,2,2,33,30,85,2,1,0,30,40,35,1,5,1,0,29.02,31.802,NaN,NaN,0.20471362016991,0
107,190626,2,2,67,0,80,2,1,1,30,0,35,1,5,0,0.7,31.324,38.534,NaN,NaN,-0.305439144992128,0
107,190626,2,2,97,30,80,2,1,0,30,0,35,1,5,0,2.9,58.874,50.516,NaN,NaN,-0.305439144992128,0
107,190626,2,2,128,30,70,2,1,1,30,60,35,1,5,0,5.348,44.12,36.182,NaN,NaN,-0.0891636904147485,0
107,190626,2,2,159,0,70,2,1,0,30,60,35,1,5,0,6.65,52.758,42.944,NaN,NaN,-0.0891636904147485,0
107,190626,2,2,193,0,65,2,1,1,30,20,35,1,5,0,9.108,38.522,28.522,NaN,NaN,-0.118651047863091,0
107,190626,2,2,231,0,65,2,1,0,30,20,35,1,5,0,2.592,48.894,44.196,NaN,NaN,-0.118651047863091,0
106,190627,2,2,1,30,40,2,1,0,30,20,35,1,5,2,12.574,52.346,3.55,NaN,NaN,-0.592515972010952,1
106,190627,2,2,33,30,40,2,1,1,30,20,35,1,5,0,9.648,13.394,5.136,NaN,NaN,-0.592515972010952,1
106,190627,2,2,70,0,45,2,1,0,30,40,35,1,5,0,9.572,46.56,29.506,NaN,NaN,0.0726023304451748,0
106,190627,2,2,102,0,45,2,1,1,30,40,35,1,5,0,13.632,53.85,16.006,NaN,NaN,0.0726023304451748,0
106,190627,2,2,135,0,45,2,1,0,30,60,35,1,5,0,11.504,38.862,28.426,NaN,NaN,0.134322373696872,0
106,190627,2,2,166,0,45,2,1,1,30,60,35,1,5,0,16.168,50.922,27.146,NaN,NaN,0.134322373696872,0
106,190627,2,2,198,0,45,2,1,0,30,0,35,1,5,0,15.21,46.496,31.486,NaN,NaN,0.0852466111865273,0
106,190627,2,2,231,30,45,2,1,1,30,0,35,1,5,0,17.636,55.162,27.68,NaN,NaN,0.0852466111865273,0
107,190627,2,2,70,0,80,2,1,1,30,40,35,1,5,0,10.372,31.854,3.142,NaN,NaN,-0.161383740522325,0
107,190627,2,2,102,0,80,2,1,0,30,40,35,1,5,1,16.634,44.114,21.69,NaN,NaN,-0.161383740522325,0
107,190627,2,2,135,0,80,2,1,1,30,60,35,1,5,0,20.986,36.058,17.246,NaN,NaN,-0.0617470271395488,0
107,190627,2,2,166,0,80,2,1,0,30,60,35,1,5,0,16.668,40.804,21.846,NaN,NaN,-0.0617470271395488,0
107,190627,2,2,198,0,80,2,1,1,30,0,35,1,5,0,18.166,41.74,23.014,NaN,NaN,-0.0506948077054288,0
107,190627,2,2,231,30,80,2,1,0,30,0,35,1,5,0,20.596,46.198,25.78,NaN,NaN,-0.0506948077054288,0
